[
     { "term": "Level", "definition": "Nível" },
     { "term": "Game Over", "definition": "Fim de Jogo" },
     { "term": "FPS", "definition": "Jogos de Tiro em Primeira Pessoa" },
     { "term": "GG", "definition": "Bom Jogo" },
     { "term": "NPC", "definition": "Personagem Não Jogavel" },
     { "term": "AFK", "definition": "Longe do Teclado" },
     { "term": "Skill", "definition": "Habilidade / Competência" },
     { "term": "Critical Hit", "definition": "Acerto Crítico / Golpe Crítico" },
     { "term": "Cheat", "definition": "Truque / Trapaça" },
     { "term": "BOT", "definition": "Robô / Jogador Controlado Pela Maquina" },
     { "term": "XP", "definition": "Pontos de Experiência" },
     { "term": "MVP", "definition": "Jogador Mais Valioso / O Que Mais Se Destacou Na Partida" }
]